version,team,continent,is_host,goals_scored_last_4y,goals_received_last_4y,wins_last_4y,losses_last_4y,draws_last_4y,world_cup_titles_before,squad_total_market_value_eur,fifa_rank_pre_tournament,fifa_points_pre_tournament,squad_avg_age,world_cup_participations_before,groups_passed_before,round16_before,quarterfinals_before,semifinals_before,finals_before,winner,finalist,semi_finalist,quarter_finalist,goal_difference_last_4y,win_rate_last_4y,clean_sheets_last_4y,tournament_win_rate_last_4y,goals_scored_last_2y,wins_last_2y,shootout_wins_before,shootout_losses_before,shootout_win_rate
2006,Angola,Africa,0,61,49,19,13,14,0,52700000.0,57,581.0,29.2,0,0,0,0,0,0,0.0,0.0,0.0,0.0,12,0.413,16,0.4815,36,12,6,0,1.0
2006,Argentina,South America,0,97,55,31,10,10,2,777200000.0,9,746.0,27.8,13,10,5,6,4,4,0.0,0.0,0.0,1.0,42,0.6078,17,0.5484,65,19,9,3,0.75
2006,Australia,Oceania,0,101,34,23,8,5,0,48030000.0,42,612.0,27.1,1,0,0,0,0,0,0.0,0.0,0.0,0.0,67,0.6389,14,0.7,48,12,3,2,0.6
2006,Brazil,South America,0,117,47,30,9,17,5,858500000.0,1,827.0,27.1,17,15,7,11,9,6,0.0,0.0,0.0,1.0,70,0.5357,25,0.5814,80,18,5,3,0.625
2006,Costa Rica,North America,0,89,84,26,25,11,0,18400000.0,26,683.0,24.7,2,1,1,0,0,0,0.0,0.0,0.0,0.0,5,0.4194,18,0.4762,58,15,1,1,0.5
2006,Croatia,Europe,0,72,45,22,10,14,0,282300000.0,23,686.0,28.2,2,1,1,1,1,0,0.0,0.0,0.0,0.0,27,0.4783,20,0.5385,44,11,2,0,1.0
2006,Czech Republic,Europe,0,113,37,33,7,5,0,172800000.0,2,772.0,28.0,0,0,0,0,0,0,0.0,0.0,0.0,0.0,76,0.7333,21,0.8148,59,19,1,1,0.5
2006,Ecuador,South America,0,59,73,17,22,12,0,387830000.0,39,631.0,25.7,1,0,0,0,0,0,0.0,0.0,0.0,0.0,-14,0.3333,15,0.3913,37,11,2,1,0.6667
2006,England,Europe,0,83,42,27,7,8,1,1620000000.0,10,741.0,27.2,11,9,4,7,2,1,0.0,0.0,0.0,1.0,41,0.6429,16,0.68,50,17,1,5,0.1667
2006,France,Europe,0,100,23,33,3,13,1,1350000000.0,8,749.0,26.8,11,6,4,5,4,1,0.0,1.0,1.0,1.0,77,0.6735,31,0.7143,38,13,4,3,0.5714
2006,Germany,Europe,1,107,66,26,12,14,3,776500000.0,19,696.0,27.7,15,15,7,13,10,7,0.0,0.0,1.0,1.0,41,0.5,22,0.5714,69,15,4,2,0.6667
2006,Ghana,Africa,0,58,39,15,13,12,0,191280000.0,48,600.0,26.6,0,0,0,0,0,0,0.0,0.0,0.0,0.0,19,0.375,13,0.5263,32,10,4,4,0.5
2006,Iran,Asia,0,113,44,32,8,10,0,38880000.0,23,686.0,29.2,2,0,0,0,0,0,0.0,0.0,0.0,0.0,69,0.64,21,0.6765,75,22,8,10,0.4444
2006,Italy,Europe,0,71,33,25,5,15,3,838500000.0,13,728.0,26.5,15,10,7,8,7,5,1.0,1.0,1.0,1.0,38,0.5556,19,0.5652,36,13,2,4,0.3333
2006,Ivory Coast,Africa,0,67,34,21,8,8,0,410900000.0,32,669.0,25.8,0,0,0,0,0,0,0.0,0.0,0.0,0.0,33,0.5676,17,0.6,40,13,7,4,0.6364
2006,Japan,Asia,0,111,63,36,17,15,0,262200000.0,18,705.0,26.3,2,1,1,0,0,0,0.0,0.0,0.0,0.0,48,0.5294,34,0.5854,79,25,3,3,0.5
2006,Mexico,North America,0,126,54,37,15,15,0,165800000.0,4,758.0,27.8,12,5,4,2,0,0,0.0,0.0,0.0,0.0,72,0.5522,32,0.6667,107,30,3,7,0.3
2006,Netherlands,Europe,0,88,30,28,7,12,0,766000000.0,3,768.0,27.0,7,7,5,4,3,2,0.0,0.0,0.0,0.0,58,0.5957,27,0.6667,47,15,1,5,0.1667
2006,Paraguay,South America,0,53,49,18,12,17,0,141850000.0,33,653.0,29.1,6,3,3,0,0,0,0.0,0.0,0.0,0.0,4,0.383,17,0.44,35,11,2,5,0.2857
2006,Poland,Europe,0,102,54,32,14,7,0,214500000.0,29,677.0,27.6,6,5,2,2,2,0,0.0,0.0,0.0,0.0,48,0.6038,23,0.65,55,17,1,0,1.0
2006,Portugal,Europe,0,104,35,29,6,12,0,864500000.0,7,750.0,27.0,3,1,0,1,1,0,0.0,0.0,1.0,1.0,69,0.617,23,0.65,62,18,1,0,1.0
2006,Saudi Arabia,Asia,0,109,59,31,16,18,0,30350000.0,34,651.0,27.2,3,1,1,0,0,0,0.0,0.0,0.0,0.0,50,0.4769,30,0.7027,53,14,7,1,0.875
2006,Serbia,Europe,0,46,42,13,13,12,0,294500000.0,44,610.0,26.9,9,7,2,5,2,0,0.0,0.0,0.0,0.0,4,0.3421,16,0.5,27,9,1,1,0.5
2006,South Korea,Asia,0,103,45,30,17,17,0,139750000.0,29,677.0,27.9,6,1,1,1,1,0,0.0,0.0,0.0,0.0,58,0.4688,34,0.5278,57,20,12,8,0.6
2006,Spain,Europe,0,88,23,29,2,14,0,1310000000.0,5,756.0,26.6,11,7,5,4,0,0,0.0,0.0,0.0,0.0,65,0.6444,26,0.5357,46,15,2,3,0.4
2006,Sweden,Europe,0,103,52,22,12,18,0,363780000.0,16,709.0,26.3,10,7,3,4,3,1,0.0,0.0,0.0,0.0,51,0.4231,18,0.5862,54,11,3,1,0.75
2006,Switzerland,Europe,0,64,46,17,9,13,0,322100000.0,35,648.0,27.9,7,4,3,3,0,0,0.0,0.0,0.0,0.0,18,0.4359,11,0.3913,36,9,1,1,0.5
2006,Togo,Africa,0,44,37,17,12,5,0,29750000.0,61,569.0,25.4,0,0,0,0,0,0,0.0,0.0,0.0,0.0,7,0.5,14,0.5238,28,11,3,1,0.75
2006,Trinidad and Tobago,North America,0,99,95,32,30,11,0,10100000.0,47,604.0,24.6,0,0,0,0,0,0,0.0,0.0,0.0,0.0,4,0.4384,26,0.5,73,24,1,1,0.5
2006,Tunisia,Africa,0,76,44,26,9,14,0,50600000.0,21,693.0,25.6,3,0,0,0,0,0,0.0,0.0,0.0,0.0,32,0.5306,21,0.52,45,13,5,3,0.625
2006,Ukraine,Europe,0,46,30,15,9,16,0,266700000.0,45,609.0,26.6,0,0,0,0,0,0,0.0,0.0,0.0,1.0,16,0.375,19,0.45,31,12,0,1,0.0
2006,United States,North America,0,108,38,38,10,13,0,350700000.0,5,756.0,26.3,7,4,3,2,1,0,0.0,0.0,0.0,0.0,70,0.623,36,0.5833,71,24,4,2,0.6667
2018,Argentina,South America,0,95,40,27,8,12,2,678320000.0,5,1241.0,29.52,16,13,8,9,5,5,0.0,0.0,0.0,0.0,55,0.5745,29,0.5385,41,12,11,8,0.5789
2018,Australia,Oceania,0,85,48,23,11,12,0,50210000.0,36,718.0,28.13,4,1,1,0,0,0,0.0,0.0,0.0,0.0,37,0.5,17,0.5758,33,9,3,3,0.5
2018,Belgium,Europe,0,116,38,30,5,8,0,753250000.0,3,1298.0,27.59,12,8,7,2,1,0,0.0,0.0,1.0,1.0,78,0.6977,21,0.7667,73,17,2,0,1.0
2018,Brazil,South America,0,95,22,33,4,8,5,980020000.0,2,1430.0,28.6,20,18,10,14,10,6,0.0,0.0,0.0,1.0,73,0.7333,27,0.5455,47,17,8,5,0.6154
2018,Colombia,South America,0,57,37,19,11,13,0,250850000.0,16,985.0,28.39,5,2,2,1,0,0,0.0,0.0,0.0,0.0,20,0.4419,22,0.4545,27,8,6,2,0.75
2018,Costa Rica,North America,0,70,59,21,15,13,0,39960000.0,23,884.0,29.78,4,2,2,1,0,0,0.0,0.0,0.0,0.0,11,0.4286,19,0.4595,36,13,2,4,0.3333
2018,Croatia,Europe,0,78,29,25,8,10,0,363640000.0,20,945.0,27.9,4,1,1,1,1,0,0.0,1.0,1.0,1.0,49,0.5814,22,0.5714,33,12,2,3,0.4
2018,Denmark,Europe,0,61,36,17,11,12,0,259040000.0,12,1051.0,27.14,4,3,3,1,0,0,0.0,0.0,0.0,0.0,25,0.425,14,0.4583,35,10,2,3,0.4
2018,Egypt,Africa,0,50,27,23,13,7,0,197030000.0,45,649.0,28.98,2,1,1,0,0,0,0.0,0.0,0.0,0.0,23,0.5349,22,0.52,22,11,12,6,0.6667
2018,England,Europe,0,79,28,29,5,10,1,873130000.0,12,1050.0,26.05,14,11,6,8,2,1,0.0,0.0,1.0,1.0,51,0.6591,26,0.7037,31,12,1,7,0.125
2018,France,Europe,0,96,45,33,8,8,1,1029470000.0,7,1198.0,26.03,14,8,6,7,5,2,1.0,1.0,1.0,1.0,51,0.6735,23,0.6818,55,18,4,4,0.5
2018,Germany,Europe,0,111,46,30,10,10,4,882120000.0,1,1558.0,27.14,18,18,10,16,13,8,0.0,0.0,0.0,0.0,65,0.6,24,0.7895,70,19,6,2,0.75
2018,Iceland,Europe,0,85,64,24,18,9,0,75380000.0,22,908.0,28.58,0,0,0,0,0,0,0.0,0.0,0.0,0.0,21,0.4706,17,0.6,46,14,0,0,0.0
2018,Iran,Asia,0,84,22,30,4,9,0,46750000.0,37,708.0,27.23,4,0,0,0,0,0,0.0,0.0,0.0,0.0,62,0.6977,28,0.6,35,15,8,12,0.4
2018,Japan,Asia,0,107,50,28,12,11,0,75520000.0,61,520.0,28.58,5,2,2,0,0,0,0.0,0.0,0.0,0.0,57,0.549,22,0.575,38,11,5,6,0.4545
2018,Mexico,North America,0,107,67,37,12,18,0,152150000.0,15,989.0,29.24,15,8,7,2,0,0,0.0,0.0,0.0,0.0,40,0.5522,32,0.5476,52,21,4,7,0.3636
2018,Morocco,Africa,0,70,19,26,8,8,0,129330000.0,41,685.0,27.23,4,1,1,0,0,0,0.0,0.0,0.0,0.0,51,0.619,24,0.5789,39,15,4,6,0.4
2018,Nigeria,Africa,0,48,33,16,11,10,0,134720000.0,48,617.0,25.96,5,3,3,0,0,0,0.0,0.0,0.0,0.0,15,0.4324,16,0.3913,24,8,8,5,0.6154
2018,Panama,North America,0,58,62,17,18,17,0,6270000.0,55,571.0,28.87,0,0,0,0,0,0,0.0,0.0,0.0,0.0,-4,0.3269,18,0.3438,29,9,4,1,0.8
2018,Peru,South America,0,76,47,26,12,12,0,38480000.0,11,1125.0,27.44,4,2,0,1,0,0,0.0,0.0,0.0,0.0,29,0.52,21,0.4333,37,13,0,2,0.0
2018,Poland,Europe,0,91,40,22,5,13,0,274280000.0,8,1182.0,28.31,7,5,2,2,2,0,0.0,0.0,0.0,0.0,51,0.55,15,0.64,41,11,2,1,0.6667
2018,Portugal,Europe,0,100,36,33,10,9,0,494010000.0,4,1273.0,28.37,6,3,2,2,2,0,0.0,0.0,0.0,0.0,64,0.6346,28,0.697,72,20,3,2,0.6
2018,Russia,Europe,1,65,54,15,16,11,0,161640000.0,70,456.0,28.84,3,0,0,0,0,0,0.0,0.0,0.0,1.0,11,0.3571,13,0.3333,27,5,1,4,0.2
2018,Saudi Arabia,Asia,0,97,66,25,18,8,0,18800000.0,67,465.0,28.73,4,1,1,0,0,0,0.0,0.0,0.0,0.0,31,0.4902,18,0.5862,46,13,7,1,0.875
2018,Senegal,Africa,0,70,25,27,5,13,0,299200000.0,27,837.0,26.99,1,1,1,1,0,0,0.0,0.0,0.0,0.0,45,0.6,26,0.6786,33,12,6,8,0.4286
2018,Serbia,Europe,0,55,45,16,13,8,0,283720000.0,34,750.0,26.76,11,7,2,5,2,0,0.0,0.0,0.0,0.0,10,0.4324,11,0.4444,31,9,1,1,0.5
2018,South Korea,Asia,0,92,51,33,14,11,0,87430000.0,57,543.0,27.79,9,2,2,1,1,0,0.0,0.0,0.0,0.0,41,0.569,32,0.5938,36,11,14,10,0.5833
2018,Spain,Europe,0,103,29,29,7,8,1,973030000.0,10,1125.0,28.49,14,9,7,5,1,1,0.0,0.0,0.0,0.0,74,0.6591,24,0.8077,65,15,5,3,0.625
2018,Sweden,Europe,0,71,40,20,13,15,0,119640000.0,24,879.0,28.24,11,8,4,4,3,1,0.0,0.0,0.0,1.0,31,0.4167,20,0.4815,35,9,4,2,0.6667
2018,Switzerland,Europe,0,75,31,25,8,7,0,217880000.0,6,1198.0,27.18,10,6,5,3,0,0,0.0,0.0,0.0,0.0,44,0.625,21,0.6667,37,14,1,3,0.25
2018,Tunisia,Africa,0,66,44,21,10,14,0,58820000.0,21,909.0,26.53,4,0,0,0,0,0,0.0,0.0,0.0,0.0,22,0.4667,15,0.6,34,11,5,4,0.5556
2018,Uruguay,South America,0,67,42,21,12,8,2,372630000.0,14,1018.0,28.13,12,9,4,5,4,1,0.0,0.0,0.0,1.0,25,0.5122,19,0.4667,28,8,7,6,0.5385
2022,Argentina,South America,0,98,27,33,4,13,2,645200000.0,3,1773.88,27.8,17,14,9,9,5,5,1.0,1.0,1.0,1.0,71,0.66,26,0.6562,52,18,12,8,0.6
2022,Australia,Oceania,0,69,19,21,6,6,0,38400000.0,38,1488.72,27.5,5,1,1,0,0,0,0.0,0.0,0.0,0.0,50,0.6364,17,0.6,34,12,4,3,0.5714
2022,Belgium,Europe,0,129,45,35,8,7,0,563200000.0,2,1816.71,27.8,13,9,8,3,2,0,0.0,0.0,0.0,0.0,84,0.7,18,0.7568,56,15,2,0,1.0
2022,Brazil,South America,0,111,19,37,3,10,5,1140000000.0,1,1841.3,27.9,21,19,11,15,10,6,0.0,0.0,0.0,1.0,92,0.74,28,0.7419,54,19,9,5,0.6429
2022,Cameroon,Africa,0,52,30,19,8,16,0,155000000.0,43,1471.44,26.3,7,1,1,1,0,0,0.0,0.0,0.0,0.0,22,0.4419,20,0.5926,33,12,8,8,0.5
2022,Canada,North America,0,126,34,31,10,5,0,187300000.0,41,1475.0,26.9,1,0,0,0,0,0,0.0,0.0,0.0,0.0,92,0.6739,20,0.6667,76,20,2,2,0.5
2022,Costa Rica,North America,0,55,58,20,20,14,0,18750000.0,31,1503.59,27.2,5,2,2,1,0,0,0.0,0.0,0.0,0.0,-3,0.3704,17,0.4839,30,14,2,7,0.2222
2022,Croatia,Europe,0,82,64,24,14,11,0,377000000.0,12,1645.64,27.4,5,2,2,2,2,1,0.0,0.0,1.0,1.0,18,0.4898,12,0.5294,41,14,4,3,0.5714
2022,Denmark,Europe,0,108,39,31,10,9,0,353000000.0,10,1666.57,27.2,5,4,4,1,0,0,0.0,0.0,0.0,0.0,69,0.62,23,0.6389,59,18,2,4,0.3333
2022,Ecuador,South America,0,64,56,18,15,17,0,146500000.0,44,1464.39,25.6,3,1,1,0,0,0,0.0,0.0,0.0,0.0,8,0.36,16,0.2593,27,8,2,1,0.6667
2022,England,Europe,0,122,34,33,8,10,1,1260000000.0,5,1728.47,26.4,15,12,7,9,3,1,0.0,0.0,0.0,1.0,88,0.6471,27,0.5897,61,17,3,8,0.2727
2022,France,Europe,0,101,40,31,6,12,2,1030000000.0,4,1759.78,26.5,15,9,7,8,6,3,0.0,1.0,1.0,1.0,61,0.6327,20,0.6111,48,13,4,5,0.4444
2022,Germany,Europe,0,120,57,26,8,15,4,885500000.0,11,1650.21,26.7,19,18,10,16,13,8,0.0,0.0,0.0,0.0,63,0.5306,15,0.5882,65,14,6,2,0.75
2022,Ghana,Africa,0,44,33,16,10,12,0,216900000.0,61,1393.0,24.7,3,2,2,1,0,0,0.0,0.0,0.0,0.0,11,0.4211,16,0.4231,23,8,4,8,0.3333
2022,Iran,Asia,0,86,22,28,6,6,0,59530000.0,20,1564.61,28.9,5,0,0,0,0,0,0.0,0.0,0.0,0.0,64,0.7,22,0.75,39,15,8,12,0.4
2022,Japan,Asia,0,127,40,39,11,8,0,154000000.0,24,1559.54,27.8,6,3,3,0,0,0,0.0,0.0,0.0,0.0,87,0.6724,32,0.6957,69,18,5,6,0.4545
2022,Mexico,North America,0,115,64,39,16,13,0,176100000.0,13,1644.89,28.5,16,9,8,2,0,0,0.0,0.0,0.0,0.0,51,0.5735,30,0.6471,56,20,6,7,0.4615
2022,Morocco,Africa,0,89,30,32,6,12,0,241100000.0,22,1563.5,26.2,5,1,1,0,0,0,0.0,0.0,1.0,1.0,59,0.64,27,0.7333,56,20,4,8,0.3333
2022,Netherlands,Europe,0,111,44,30,7,11,0,587250000.0,8,1694.51,26.6,10,8,6,5,5,3,0.0,0.0,0.0,1.0,67,0.625,17,0.6944,65,17,2,7,0.2222
2022,Poland,Europe,0,83,53,22,14,12,0,255600000.0,26,1548.59,27.0,8,5,2,2,2,0,0.0,0.0,0.0,0.0,30,0.4583,16,0.5135,47,10,2,1,0.6667
2022,Portugal,Europe,0,108,34,30,7,12,0,937000000.0,9,1676.56,26.8,7,4,3,2,2,0,0.0,0.0,0.0,1.0,74,0.6122,23,0.5946,54,15,3,2,0.6
2022,Qatar,Asia,1,113,70,38,18,11,0,14900000.0,50,1439.89,27.0,0,0,0,0,0,0,0.0,0.0,0.0,0.0,43,0.5672,29,0.697,50,18,3,4,0.4286
2022,Saudi Arabia,Asia,0,68,44,24,15,17,0,25200000.0,51,1437.78,27.3,5,1,1,0,0,0,0.0,0.0,0.0,0.0,24,0.4286,26,0.5455,32,14,7,1,0.875
2022,Senegal,Africa,0,82,33,33,6,13,0,228000000.0,18,1584.59,26.1,2,1,1,1,0,0,0.0,0.0,0.0,0.0,49,0.6346,24,0.625,51,18,7,9,0.4375
2022,Serbia,Europe,0,88,51,25,7,15,0,359500000.0,21,1563.62,26.8,12,7,2,5,2,0,0.0,0.0,0.0,0.0,37,0.5319,11,0.5312,46,14,1,2,0.3333
2022,South Korea,Asia,0,95,38,34,7,12,0,164480000.0,28,1530.3,27.8,10,2,2,1,1,0,0.0,0.0,0.0,0.0,57,0.6415,29,0.75,53,18,14,10,0.5833
2022,Spain,Europe,0,115,38,31,6,14,1,877000000.0,7,1715.22,25.3,15,10,8,5,1,1,0.0,0.0,0.0,0.0,77,0.6078,21,0.6053,53,16,6,5,0.5455
2022,Switzerland,Europe,0,90,57,22,15,13,0,281000000.0,15,1635.92,27.0,11,7,6,3,0,0,0.0,0.0,0.0,0.0,33,0.44,14,0.4286,45,13,2,5,0.2857
2022,Tunisia,Africa,0,84,39,33,14,10,0,62400000.0,30,1507.54,27.8,5,0,0,0,0,0,0.0,0.0,0.0,0.0,45,0.5789,27,0.5676,48,20,6,4,0.6
2022,United States,North America,0,119,47,37,14,11,0,277400000.0,16,1627.48,25.2,10,5,4,2,1,0,0.0,0.0,0.0,0.0,72,0.5968,31,0.6857,70,23,4,3,0.5714
2022,Uruguay,South America,0,63,42,20,12,12,2,449700000.0,14,1638.71,27.8,13,10,5,6,4,1,0.0,0.0,0.0,0.0,21,0.4545,20,0.4444,29,11,7,8,0.4667
2022,Wales,Europe,0,54,51,21,16,12,0,160150000.0,19,1569.82,26.4,1,1,0,1,0,0,0.0,0.0,0.0,0.0,3,0.4286,19,0.4706,28,8,0,0,0.0
2010,Algeria,Africa,0,43,46,18,14,7,0,229300000.0,30,821.0,26.5,2,0,0,0,0,0,0.0,0.0,0.0,0.0,-3,0.4615,15,0.48,24,13,5,7,0.4167
2010,Argentina,South America,0,84,50,29,12,8,2,575000000.0,7,1076.0,27.9,14,11,6,7,4,4,0.0,0.0,0.0,1.0,34,0.5918,25,0.5357,44,15,9,4,0.6923
2010,Australia,Oceania,0,59,33,23,10,12,0,32850000.0,20,886.0,27.6,2,1,1,0,0,0,0.0,0.0,0.0,0.0,26,0.5111,24,0.5161,33,14,3,3,0.5
2010,Brazil,South America,0,114,37,38,5,11,5,932000000.0,1,1611.0,27.8,18,16,8,12,9,6,0.0,0.0,0.0,1.0,77,0.7037,33,0.6471,61,20,6,3,0.6667
2010,Cameroon,Africa,0,76,45,22,11,10,0,256030000.0,19,887.0,25.6,5,1,1,1,0,0,0.0,0.0,0.0,0.0,31,0.5116,16,0.6786,40,11,7,7,0.5
2010,Chile,South America,0,79,65,31,17,11,0,80300000.0,18,888.0,25.3,7,2,1,1,1,0,0.0,0.0,0.0,0.0,14,0.5254,28,0.5,49,19,0,3,0.0
2010,Denmark,Europe,0,61,40,19,12,11,0,381600000.0,36,767.0,27.2,3,3,3,1,0,0,0.0,0.0,0.0,0.0,21,0.4524,17,0.5455,24,8,2,2,0.5
2010,England,Europe,0,93,32,27,9,6,1,1300000000.0,8,1068.0,26.8,12,10,5,8,2,1,0.0,0.0,0.0,0.0,61,0.6429,21,0.6923,54,15,1,6,0.1429
2010,France,Europe,0,67,37,26,11,11,1,1290000000.0,9,1044.0,26.8,12,7,5,6,5,2,0.0,0.0,0.0,0.0,30,0.5417,27,0.5588,31,11,4,4,0.5
2010,Germany,Europe,0,119,36,34,7,8,3,828000000.0,6,1082.0,26.7,16,16,8,14,11,7,0.0,0.0,1.0,1.0,83,0.6939,27,0.7059,58,17,5,2,0.7143
2010,Ghana,Africa,0,73,52,26,15,9,0,164930000.0,32,800.0,25.1,1,1,1,0,0,0,0.0,0.0,0.0,1.0,21,0.52,21,0.6667,34,12,4,4,0.5
2010,Greece,Europe,0,63,49,21,14,8,0,254700000.0,13,964.0,26.4,1,0,0,0,0,0,0.0,0.0,0.0,0.0,14,0.4884,15,0.6296,28,8,0,1,0.0
2010,Honduras,North America,0,110,63,37,19,8,0,15500000.0,38,734.0,28.1,1,0,0,0,0,0,0.0,0.0,0.0,0.0,47,0.5781,24,0.5714,55,20,2,3,0.4
2010,Italy,Europe,0,69,45,24,9,14,4,827000000.0,5,1184.0,27.3,16,11,8,9,8,6,0.0,0.0,0.0,0.0,24,0.5106,23,0.6389,37,12,3,5,0.375
2010,Ivory Coast,Africa,0,96,41,26,9,13,0,370800000.0,27,856.0,26.6,1,0,0,0,0,0,0.0,0.0,0.0,0.0,55,0.5417,24,0.5862,49,13,8,5,0.6154
2010,Japan,Asia,0,117,53,36,13,17,0,223500000.0,45,682.0,26.5,3,1,1,0,0,0,0.0,0.0,0.0,0.0,64,0.5455,34,0.5435,66,19,4,4,0.5
2010,Mexico,North America,0,133,67,42,19,10,0,142100000.0,17,895.0,25.7,13,6,5,2,0,0,0.0,0.0,0.0,0.0,66,0.5915,30,0.6,84,26,4,7,0.3636
2010,Netherlands,Europe,0,95,31,33,5,10,0,808000000.0,4,1231.0,26.7,8,8,6,4,3,2,0.0,1.0,1.0,1.0,64,0.6875,27,0.75,49,16,1,5,0.1667
2010,New Zealand,Oceania,0,28,40,8,11,4,0,16430000.0,78,410.0,27.8,1,0,0,0,0,0,0.0,0.0,0.0,0.0,-12,0.3478,7,0.5455,18,5,0,2,0.0
2010,Nigeria,Africa,0,58,29,24,8,12,0,281780000.0,21,883.0,27.5,3,2,2,0,0,0,0.0,0.0,0.0,0.0,29,0.5455,26,0.6429,34,13,7,5,0.5833
2010,North Korea,Asia,0,89,44,21,15,19,0,6900000.0,105,285.0,25.3,1,1,0,1,0,0,0.0,0.0,0.0,0.0,45,0.3818,26,0.4872,55,14,4,2,0.6667
2010,Paraguay,South America,0,52,54,17,18,14,0,123950000.0,31,820.0,28.4,7,3,3,0,0,0,0.0,0.0,0.0,1.0,-2,0.3469,21,0.5,26,11,2,5,0.2857
2010,Portugal,Europe,0,80,38,25,8,13,0,841000000.0,3,1249.0,27.1,4,2,1,2,2,0,0.0,0.0,0.0,0.0,42,0.5435,30,0.5405,45,15,2,0,1.0
2010,Serbia,Europe,0,77,41,23,11,11,0,266700000.0,15,947.0,26.7,10,7,2,5,2,0,0.0,0.0,0.0,0.0,36,0.5111,19,0.4828,47,16,1,1,0.5
2010,Slovakia,Europe,0,82,64,18,19,6,0,130050000.0,34,777.0,28.6,0,0,0,0,0,0,0.0,0.0,0.0,0.0,18,0.4186,9,0.5,37,10,1,0,1.0
2010,Slovenia,Europe,0,47,40,14,16,6,0,150600000.0,25,860.0,27.7,1,0,0,0,0,0,0.0,0.0,0.0,0.0,7,0.3889,14,0.4167,33,9,1,0,1.0
2010,South Africa,Africa,1,80,54,31,22,17,0,46350000.0,83,392.0,26.3,2,0,0,0,0,0,0.0,0.0,0.0,0.0,26,0.4429,32,0.4,48,19,6,7,0.4615
2010,South Korea,Asia,0,81,43,26,11,18,0,118800000.0,47,632.0,27.6,7,1,1,1,1,0,0.0,0.0,0.0,0.0,38,0.4727,26,0.3939,49,18,14,9,0.6087
2010,Spain,Europe,0,121,31,46,4,4,0,1150000000.0,2,1565.0,27.2,12,8,6,4,0,0,1.0,1.0,1.0,1.0,90,0.8519,34,0.8378,83,29,3,3,0.5
2010,Switzerland,Europe,0,58,45,18,15,7,0,251000000.0,24,866.0,27.5,8,5,4,3,0,0,0.0,0.0,0.0,0.0,13,0.45,18,0.5294,29,9,1,2,0.3333
2010,United States,North America,0,112,74,36,19,6,0,169700000.0,14,957.0,26.0,8,4,3,2,1,0,0.0,0.0,0.0,0.0,38,0.5902,24,0.6098,77,23,4,2,0.6667
2010,Uruguay,South America,0,71,47,19,11,13,2,419200000.0,16,899.0,26.6,10,7,2,4,3,1,0.0,0.0,1.0,1.0,24,0.4419,14,0.3462,35,10,4,5,0.4444
2014,Algeria,Africa,0,49,29,19,8,6,0,57000000.0,22,858.0,26.6,3,0,0,0,0,0,0.0,0.0,0.0,0.0,20,0.5758,16,0.5,32,13,5,7,0.4167
2014,Argentina,South America,0,98,46,29,7,15,0,392000000.0,5,1175.0,28.92,15,12,7,8,4,4,0.0,1.0,1.0,1.0,52,0.5686,21,0.5172,46,14,9,6,0.6
2014,Australia,Oceania,0,93,57,25,14,11,0,21000000.0,62,526.0,26.36,3,1,1,0,0,0,0.0,0.0,0.0,0.0,36,0.5,22,0.5333,52,10,3,3,0.5
2014,Belgium,Europe,0,71,41,21,8,12,0,348000000.0,11,1074.0,25.96,11,7,6,1,1,0,0.0,0.0,0.0,1.0,30,0.5122,15,0.6,41,14,2,0,1.0
2014,Bosnia and Herzegovina,Europe,0,69,41,20,11,7,0,115000000.0,21,873.0,27.06,0,0,0,0,0,0,0.0,0.0,0.0,0.0,28,0.5263,15,0.6364,42,13,0,0,0.0
2014,Brazil,South America,1,125,38,37,8,10,0,468000000.0,3,1242.0,28.36,19,17,9,13,9,6,0.0,0.0,1.0,1.0,87,0.6727,33,0.6111,85,22,7,4,0.6364
2014,Cameroon,Africa,0,61,37,20,8,14,0,117000000.0,56,558.0,26.6,6,1,1,1,0,0,0.0,0.0,0.0,0.0,24,0.4762,19,0.5385,33,11,7,8,0.4667
2014,Chile,South America,0,84,58,24,15,9,0,139000000.0,14,1026.0,28.0,8,3,2,1,1,0,0.0,0.0,0.0,0.0,26,0.5,19,0.5769,41,10,0,3,0.0
2014,Colombia,South America,0,58,25,22,8,11,0,191000000.0,8,1137.0,27.47,4,1,1,0,0,0,0.0,0.0,0.0,1.0,33,0.5366,23,0.55,35,11,5,1,0.8333
2014,Costa Rica,North America,0,79,69,24,23,20,0,30000000.0,28,762.0,27.43,3,1,1,0,0,0,0.0,0.0,0.0,1.0,10,0.3582,24,0.4722,43,16,1,3,0.25
2014,Croatia,Europe,0,67,39,23,9,11,0,197000000.0,18,903.0,27.36,3,1,1,1,1,0,0.0,0.0,0.0,0.0,28,0.5349,15,0.5556,31,11,2,1,0.6667
2014,Ecuador,South America,0,74,57,18,13,16,0,62000000.0,26,791.0,27.73,2,1,1,0,0,0,0.0,0.0,0.0,0.0,17,0.383,14,0.3684,37,8,2,1,0.6667
2014,England,Europe,0,83,36,24,5,14,0,334000000.0,10,1090.0,26.57,13,11,6,8,2,1,0.0,0.0,0.0,0.0,47,0.5581,22,0.5385,53,13,1,7,0.125
2014,France,Europe,0,82,34,27,10,12,0,379000000.0,17,913.0,26.84,13,7,5,6,5,2,0.0,0.0,0.0,1.0,48,0.551,24,0.5,44,12,4,4,0.5
2014,Germany,Europe,0,127,60,32,6,11,0,526000000.0,2,1300.0,26.19,17,17,9,15,12,7,1.0,1.0,1.0,1.0,67,0.6531,20,0.875,69,17,5,2,0.7143
2014,Ghana,Africa,0,86,41,27,13,11,0,96000000.0,37,704.0,25.45,2,2,2,1,0,0,0.0,0.0,0.0,0.0,45,0.5294,22,0.6364,51,16,4,6,0.4
2014,Greece,Europe,0,53,31,25,5,15,0,80000000.0,12,1064.0,28.51,2,0,0,0,0,0,0.0,0.0,0.0,0.0,22,0.5556,24,0.6207,28,14,0,1,0.0
2014,Honduras,North America,0,74,77,21,22,18,0,21000000.0,33,731.0,28.59,2,0,0,0,0,0,0.0,0.0,0.0,0.0,-3,0.3443,19,0.4054,37,11,3,3,0.5
2014,Iran,Asia,0,100,36,32,8,14,0,24000000.0,43,641.0,28.5,3,0,0,0,0,0,0.0,0.0,0.0,0.0,64,0.5926,29,0.6364,40,12,8,11,0.4211
2014,Italy,Europe,0,79,55,22,11,20,0,323000000.0,9,1104.0,27.9,17,11,8,9,8,6,0.0,0.0,0.0,0.0,24,0.4151,19,0.5294,50,11,5,6,0.4545
2014,Ivory Coast,Africa,0,88,40,28,5,10,0,122000000.0,23,809.0,27.83,2,0,0,0,0,0,0.0,0.0,0.0,0.0,48,0.6512,22,0.7241,45,11,8,6,0.5714
2014,Japan,Asia,0,102,57,32,11,11,0,98000000.0,46,626.0,27.32,4,2,2,0,0,0,0.0,0.0,0.0,0.0,45,0.5926,24,0.4848,52,16,5,5,0.5
2014,Mexico,North America,0,109,58,34,17,13,0,97000000.0,20,882.0,27.26,14,7,6,2,0,0,0.0,0.0,0.0,0.0,51,0.5312,25,0.5526,52,16,4,7,0.3636
2014,Netherlands,Europe,0,106,39,27,8,11,0,208000000.0,15,981.0,26.47,9,9,7,5,4,3,0.0,0.0,1.0,1.0,67,0.587,25,0.7742,51,13,1,6,0.1429
2014,Nigeria,Africa,0,87,46,24,9,19,0,84000000.0,44,640.0,25.81,4,2,2,0,0,0,0.0,0.0,0.0,0.0,41,0.4615,21,0.5,56,15,8,5,0.6154
2014,Portugal,Europe,0,91,46,25,8,12,0,297000000.0,4,1189.0,28.53,5,3,2,2,2,0,0.0,0.0,0.0,0.0,45,0.5556,22,0.5806,50,16,2,1,0.6667
2014,Russia,Europe,0,67,25,24,6,14,0,180000000.0,19,893.0,27.48,9,6,1,4,1,0,0.0,0.0,0.0,0.0,42,0.5455,22,0.6522,36,12,1,4,0.2
2014,South Korea,Asia,0,76,62,24,16,11,0,52000000.0,57,547.0,26.19,8,2,2,1,1,0,0.0,0.0,0.0,0.0,14,0.4706,16,0.4815,27,9,14,10,0.5833
2014,Spain,Europe,0,125,39,40,6,8,0,622000000.0,1,1485.0,28.25,13,9,7,5,1,1,0.0,0.0,0.0,0.0,86,0.7407,33,0.7941,70,24,5,3,0.625
2014,Switzerland,Europe,0,54,33,19,6,11,0,178000000.0,6,1149.0,26.07,9,5,4,3,0,0,0.0,0.0,0.0,0.0,21,0.5278,20,0.5238,30,12,1,2,0.3333
2014,United States,North America,0,93,64,34,16,11,0,58000000.0,13,1035.0,27.81,9,5,4,2,1,0,0.0,0.0,0.0,0.0,29,0.5574,25,0.6875,62,22,4,2,0.6667
2014,Uruguay,South America,0,93,56,25,11,14,0,218000000.0,7,1147.0,28.55,11,8,3,5,4,1,0.0,0.0,0.0,0.0,37,0.5,19,0.4444,43,12,7,6,0.5385
2002,Argentina,South America,0,70,34,23,5,10,2,389915000.0,3,784.0,28.83,12,10,5,6,4,4,0.0,0.0,0.0,0.0,36,0.6053,20,0.6667,42,14,8,2,0.8
2002,Belgium,Europe,0,66,43,17,11,12,0,363640000.0,23,653.0,29.45,10,6,5,1,1,0,0.0,0.0,0.0,0.0,23,0.425,16,0.45,41,12,2,0,1.0
2002,Brazil,South America,0,144,53,38,13,12,4,389915000.0,2,784.0,26.7,16,14,6,10,8,5,1.0,1.0,1.0,1.0,91,0.6032,31,0.587,68,19,3,3,0.5
2002,Cameroon,Africa,0,65,25,23,5,13,0,144860000.0,17,672.0,25.4,4,1,1,1,0,0,0.0,0.0,0.0,0.0,40,0.561,26,0.625,38,15,6,6,0.5
2002,China,Asia,0,126,47,29,14,12,0,59530000.0,50,566.0,26.65,0,0,0,0,0,0,0.0,0.0,0.0,0.0,79,0.5273,25,0.6316,71,18,2,5,0.2857
2002,Costa Rica,North America,0,103,61,27,16,13,0,77500000.0,29,643.0,27.49,1,1,1,0,0,0,0.0,0.0,0.0,0.0,42,0.4821,19,0.5385,62,19,0,1,0.0
2002,Croatia,Europe,0,50,37,14,7,17,0,363640000.0,21,655.0,28.13,1,1,1,1,1,0,0.0,0.0,0.0,0.0,13,0.3684,20,0.5769,26,8,2,0,1.0
2002,Denmark,Europe,0,62,38,20,10,11,0,363640000.0,20,657.0,27.96,2,2,2,1,0,0,0.0,0.0,0.0,0.0,24,0.4878,16,0.5172,40,13,2,2,0.5
2002,Ecuador,South America,0,59,56,20,18,13,0,389915000.0,36,624.0,27.88,0,0,0,0,0,0,0.0,0.0,0.0,0.0,3,0.3922,22,0.4231,39,16,1,1,0.5
2002,England,Europe,0,65,34,17,9,14,1,363640000.0,12,694.0,27.16,10,8,3,6,2,1,0.0,0.0,0.0,1.0,31,0.425,18,0.48,43,11,1,4,0.2
2002,France,Europe,0,101,39,33,6,10,1,363640000.0,1,802.0,28.84,10,6,4,5,4,1,0.0,0.0,0.0,0.0,62,0.6735,30,0.7333,67,19,4,3,0.5714
2002,Germany,Europe,0,100,58,24,13,10,3,363640000.0,11,695.0,28.15,14,14,6,12,9,6,0.0,1.0,1.0,1.0,42,0.5106,15,0.5517,67,15,4,2,0.6667
2002,Italy,Europe,0,53,26,21,7,11,3,363640000.0,6,717.0,28.15,14,9,6,8,7,5,0.0,0.0,0.0,0.0,27,0.5385,25,0.6296,34,15,2,4,0.3333
2002,Japan,Asia,1,86,49,24,13,15,0,59530000.0,32,634.0,25.8,1,0,0,0,0,0,0.0,0.0,0.0,0.0,37,0.4615,22,0.5135,58,17,2,3,0.4
2002,Mexico,North America,0,132,90,41,25,16,0,77500000.0,7,716.0,28.99,11,4,3,2,0,0,0.0,0.0,0.0,0.0,42,0.5,33,0.5088,81,26,3,5,0.375
2002,Nigeria,Africa,0,71,36,26,7,12,0,144860000.0,27,644.0,23.92,2,2,2,0,0,0,0.0,0.0,0.0,0.0,35,0.5778,27,0.6364,51,19,6,3,0.6667
2002,Paraguay,South America,0,66,58,21,14,14,0,389915000.0,18,671.0,28.2,5,2,2,0,0,0,0.0,0.0,0.0,0.0,8,0.4286,21,0.3939,42,11,2,4,0.3333
2002,Poland,Europe,0,63,41,21,10,12,0,363640000.0,38,615.0,28.78,5,5,2,2,2,0,0.0,0.0,0.0,0.0,22,0.4884,17,0.5263,38,11,1,0,1.0
2002,Portugal,Europe,0,109,33,28,5,9,0,363640000.0,5,726.0,28.29,2,1,0,1,1,0,0.0,0.0,0.0,0.0,76,0.6667,19,0.72,66,17,0,0,0.0
2002,Republic of Ireland,Europe,0,66,28,21,7,9,0,363640000.0,15,674.0,27.48,2,2,2,1,0,0,0.0,0.0,0.0,0.0,38,0.5676,16,0.56,43,13,1,0,1.0
2002,Russia,Europe,0,59,40,18,10,10,0,363640000.0,28,644.0,27.8,1,0,0,0,0,0,0.0,0.0,0.0,0.0,19,0.4737,15,0.65,30,10,1,2,0.3333
2002,Saudi Arabia,Asia,0,156,73,48,17,13,0,59530000.0,34,627.0,26.3,2,1,1,0,0,0,0.0,0.0,0.0,0.0,83,0.6154,34,0.6098,107,33,7,1,0.875
2002,Senegal,Africa,0,79,46,26,12,21,0,144860000.0,42,599.0,25.23,0,0,0,0,0,0,0.0,0.0,0.0,1.0,33,0.4407,31,0.4118,37,15,5,6,0.4545
2002,Slovenia,Europe,0,64,53,18,10,16,0,363640000.0,25,649.0,28.57,0,0,0,0,0,0,0.0,0.0,0.0,0.0,11,0.4091,15,0.4138,33,10,0,0,0.0
2002,South Africa,Africa,0,72,50,30,14,17,0,144860000.0,37,623.0,26.77,1,0,0,0,0,0,0.0,0.0,0.0,0.0,22,0.4918,28,0.4773,38,16,1,1,0.5
2002,South Korea,Asia,1,95,60,28,14,23,0,59530000.0,40,603.0,27.13,5,0,0,0,0,0,0.0,0.0,1.0,1.0,35,0.4308,31,0.3784,56,18,10,8,0.5556
2002,Spain,Europe,0,97,35,25,8,7,0,363640000.0,8,713.0,27.11,10,6,4,3,0,0,0.0,0.0,0.0,1.0,62,0.625,19,0.6957,42,13,1,2,0.3333
2002,Sweden,Europe,0,64,29,24,8,16,0,363640000.0,19,665.0,27.22,9,6,2,4,3,1,0.0,0.0,0.0,0.0,35,0.5,27,0.5862,47,13,3,0,1.0
2002,Tunisia,Africa,0,85,44,23,11,16,0,144860000.0,31,635.0,27.48,2,0,0,0,0,0,0.0,0.0,0.0,0.0,41,0.46,23,0.4688,51,11,3,3,0.5
2002,Turkey,Europe,0,46,33,15,10,11,0,363640000.0,22,654.0,28.04,1,0,0,0,0,0,0.0,0.0,1.0,1.0,13,0.4167,18,0.5385,30,10,0,0,0.0
2002,United States,North America,0,91,46,30,16,13,0,77500000.0,13,690.0,28.76,6,3,2,1,1,0,0.0,0.0,0.0,1.0,45,0.5085,28,0.5405,62,20,2,2,0.5
2002,Uruguay,South America,0,56,50,18,15,12,2,389915000.0,24,652.0,25.76,9,7,2,4,3,1,0.0,0.0,0.0,0.0,6,0.4,13,0.3438,40,13,3,2,0.6
2026,France,Europe,0,85,32,25,6,7,2,1290000000.0,1,1877.32,26.7,16,10,8,9,7,4,,,,,53,0.6579,21,0.65,49,16,5,6,0.4545
2026,Spain,Europe,0,104,32,29,2,8,1,1150000000.0,2,1876.4,27.2,16,11,9,6,2,1,,,,,72,0.7436,23,0.725,68,20,7,7,0.5
2026,Argentina,South America,0,80,14,30,4,3,3,575000000.0,3,1874.81,27.9,18,15,10,10,6,6,,,,,66,0.8108,34,0.6774,57,20,15,8,0.6522
2026,England,Europe,0,82,23,26,6,7,1,1300000000.0,4,1825.97,26.8,16,13,8,10,3,1,,,,,59,0.6667,27,0.6579,55,19,4,8,0.3333
2026,Portugal,Europe,0,98,31,26,5,7,0,841000000.0,5,1763.83,27.1,8,5,4,3,2,0,,,,,67,0.6842,21,0.6667,56,16,5,3,0.625
2026,Brazil,South America,0,58,39,15,10,10,5,932000000.0,6,1761.16,27.8,22,20,12,17,11,6,,,,,19,0.4286,14,0.4286,44,12,9,7,0.5625
2026,Netherlands,Europe,0,92,41,21,8,9,0,808000000.0,7,1757.87,26.6,11,11,9,7,5,3,,,,,51,0.5526,20,0.561,60,13,2,8,0.2
2026,Morocco,Africa,0,100,18,37,2,9,0,435550000.0,8,1755.87,27.4,6,2,2,1,1,0,,,,,82,0.7708,43,0.7561,89,30,5,8,0.3846
2026,Belgium,Europe,0,80,32,19,7,10,0,442200000.0,9,1734.71,27.1,14,9,8,3,2,0,,,,,48,0.5278,21,0.4857,54,11,2,0,1.0
2026,Germany,Europe,0,80,47,21,10,7,4,828000000.0,10,1730.37,26.6,20,18,10,16,13,8,,,,,33,0.5526,14,0.5357,63,17,6,2,0.75
2026,Croatia,Europe,0,68,33,20,7,8,0,258500000.0,11,1717.07,28.5,6,3,3,3,3,1,,,,,35,0.5714,19,0.5366,44,12,7,4,0.6364
2026,Colombia,South America,0,73,35,22,7,11,0,285100000.0,13,1693.09,29.3,6,3,3,1,0,0,,,,,38,0.55,20,0.4583,53,14,7,5,0.5833
2026,Senegal,Africa,0,88,22,31,3,9,0,405900000.0,14,1688.99,27.4,3,2,2,1,0,0,,,,,66,0.7209,28,0.6316,57,19,11,10,0.5238
2026,Mexico,North America,1,80,52,27,12,15,0,142100000.0,15,1681.03,25.6,17,9,8,2,0,0,,,,,28,0.5,35,0.625,46,18,7,7,0.5
2026,United States,North America,1,101,60,26,17,9,0,169700000.0,16,1673.13,26.0,11,7,6,2,1,0,,,,,41,0.5,21,0.5312,52,15,6,4,0.6
2026,Uruguay,South America,0,54,30,16,7,16,2,419200000.0,17,1673.07,26.6,14,10,5,7,5,1,,,,,24,0.4103,23,0.4074,26,8,9,8,0.5294
2026,Japan,Asia,0,110,26,27,5,5,0,223500000.0,18,1660.43,26.4,7,4,4,0,0,0,,,,,84,0.7297,25,0.6765,48,14,5,7,0.4167
2026,Switzerland,Europe,0,71,40,15,6,16,0,251000000.0,19,1649.4,27.5,12,8,7,3,0,0,,,,,31,0.4054,15,0.4412,48,10,2,6,0.25
2026,Iran,Asia,0,83,28,25,4,8,0,34250000.0,21,1615.3,29.2,6,0,0,0,0,0,,,,,55,0.6757,22,0.6333,33,11,10,13,0.4348
2026,Turkey,Europe,0,65,51,21,10,6,0,508200000.0,22,1599.04,27.0,2,1,1,1,1,0,,,,,14,0.5676,14,0.6364,50,17,1,0,1.0
2026,Ecuador,South America,0,39,23,16,6,15,0,349580000.0,23,1594.78,25.2,4,1,1,0,0,0,,,,,16,0.4324,24,0.3846,30,11,2,2,0.5
2026,Austria,Europe,0,81,30,23,6,7,0,231900000.0,24,1593.45,28.0,7,4,1,2,2,0,,,,,51,0.6389,15,0.5484,51,14,0,2,0.0
2026,South Korea,Asia,0,76,36,21,6,12,0,118800000.0,25,1588.66,27.5,11,3,3,1,1,0,,,,,40,0.5385,25,0.5517,36,13,15,10,0.6
2026,Australia,Oceania,0,69,26,22,8,6,0,32850000.0,27,1580.67,27.5,6,2,2,0,0,0,,,,,43,0.6111,23,0.6774,34,11,5,3,0.625
2026,Algeria,Africa,0,104,34,32,4,11,0,229100000.0,28,1564.26,26.4,4,1,1,0,0,0,,,,,70,0.6809,26,0.6765,72,23,7,8,0.4667
2026,Egypt,Africa,0,75,33,25,5,15,0,136200000.0,29,1563.24,28.9,3,1,1,0,0,0,,,,,42,0.5556,27,0.5526,39,15,15,10,0.6
2026,Canada,North America,1,59,40,18,8,15,0,21880000.0,30,1556.48,24.6,2,0,0,0,0,0,,,,,19,0.439,21,0.4194,39,13,3,5,0.375
2026,Norway,Europe,0,83,33,19,7,6,0,502900000.0,31,1550.94,26.0,3,2,2,0,0,0,,,,,50,0.5938,13,0.64,59,14,0,0,0.0
2026,Panama,North America,0,82,60,27,14,11,0,5300000.0,33,1549.64,25.4,1,0,0,0,0,0,,,,,22,0.5192,17,0.575,49,14,5,2,0.7143
2026,Ivory Coast,Africa,0,79,29,27,8,8,0,370800000.0,34,1532.98,26.6,3,0,0,0,0,0,,,,,50,0.6279,24,0.6471,44,16,10,8,0.5556
2026,Sweden,Europe,0,71,50,19,12,4,0,495980000.0,38,1514.77,27.1,12,9,5,6,4,1,,,,,21,0.5429,10,0.4,43,10,4,2,0.6667
2026,Paraguay,South America,0,29,33,11,12,9,0,123950000.0,40,1503.5,28.3,8,4,4,1,0,0,,,,,-4,0.3438,18,0.3182,28,10,6,7,0.4615
2026,Czech Republic,Europe,0,66,38,18,6,11,0,115900000.0,41,1501.38,27.1,9,4,3,4,2,2,,,,,28,0.5143,13,0.4,43,11,1,1,0.5
2026,Scotland,Europe,0,51,52,14,15,6,0,211450000.0,43,1498.35,29.1,8,0,0,0,0,0,,,,,-1,0.4,14,0.5,36,10,2,0,1.0
2026,Tunisia,Africa,0,63,30,22,8,14,0,68450000.0,44,1483.05,28.8,6,0,0,0,0,0,,,,,33,0.5,28,0.5278,43,14,7,5,0.5833
2026,DR Congo,Africa,0,53,24,23,8,12,0,134050000.0,46,1478.35,28.1,1,0,0,0,0,0,,,,,29,0.5349,25,0.5588,33,16,5,3,0.625
2026,Uzbekistan,Asia,0,64,29,22,4,14,0,14850000.0,50,1465.34,25.6,0,0,0,0,0,0,,,,,35,0.55,27,0.6129,25,9,1,3,0.25
2026,Qatar,Asia,0,74,70,19,16,13,0,18000000.0,55,1454.96,27.8,1,0,0,0,0,0,,,,,4,0.3958,15,0.4286,31,6,5,4,0.5556
2026,Iraq,Asia,0,68,42,26,11,9,0,10700000.0,57,1447.14,28.2,1,0,0,0,0,0,,,,,26,0.5652,23,0.6047,29,14,11,4,0.7333
2026,South Africa,Africa,0,69,41,20,7,20,0,44450000.0,60,1429.73,26.3,3,0,0,0,0,0,,,,,28,0.4255,24,0.475,42,13,13,15,0.4643
2026,Saudi Arabia,Asia,0,64,59,22,20,12,0,21800000.0,61,1421.43,27.1,6,1,1,0,0,0,,,,,5,0.4074,26,0.439,40,14,7,2,0.7778
2026,Jordan,Asia,0,85,63,22,15,12,0,9300000.0,63,1391.45,28.5,0,0,0,0,0,0,,,,,22,0.449,21,0.6364,47,12,0,3,0.0
2026,Bosnia and Herzegovina,Europe,0,38,55,9,16,6,0,117800000.0,65,1385.84,26.9,1,0,0,0,0,0,,,,,-17,0.2903,8,0.3226,29,6,1,1,0.5
2026,Cape Verde,Africa,0,46,39,16,10,12,0,31830000.0,69,1366.13,29.2,0,0,0,0,0,0,,,,,7,0.4211,19,0.4839,28,9,1,3,0.25
2026,Ghana,Africa,0,46,42,12,13,9,0,164900000.0,74,1346.31,25.1,4,2,2,1,0,0,,,,,4,0.3529,14,0.4,27,6,5,8,0.3846
2026,Curaçao,North America,0,55,39,12,10,10,0,25380000.0,82,1294.65,26.5,0,0,0,0,0,0,,,,,16,0.375,13,0.4444,45,10,0,2,0.0
2026,Haiti,North America,0,71,37,16,8,8,0,38750000.0,83,1291.71,27.6,1,0,0,0,0,0,,,,,34,0.5,14,0.5667,55,12,1,1,0.5
2026,New Zealand,Oceania,0,63,32,13,12,6,0,16430000.0,85,1281.57,27.8,2,0,0,0,0,0,,,,,31,0.4194,12,0.5789,58,12,1,3,0.25
